variant_id,CHROM,POS,REF,ALT,GT,FILTER,Gencode_27_variantClassification,Gencode_27_codonChange,gnomAD_exome_AF,gnomAD_genome_AF,Gencode_27_hugoSymbol
chr22_17085042_T_C,chr22,17085042,T,C,1|1,.,FIVE_PRIME_UTR,,8.02559e-01,8.44264e-01,IL17RA
chr22_17085084_G_C,chr22,17085084,G,C,1|1,.,FIVE_PRIME_UTR,,8.03628e-01,8.44332e-01,IL17RA
chr22_17111083_G_T,chr22,17111083,G,T,0|1,.,THREE_PRIME_UTR,,,8.51826e-01,IL17RA
chr22_17115288_T_C,chr22,17115288,T,C,0|1,.,THREE_PRIME_UTR,,,7.16637e-01,IL17RA
chr22_17115498_G_C,chr22,17115498,G,C,0|1,.,THREE_PRIME_UTR,,,8.37070e-01,IL17RA
chr22_17188516_G_C,chr22,17188516,G,C,1|1,.,INTRON,,,6.83436e-01,ADA2
chr22_17726847_A_G,chr22,17726847,A,G,1|1,.,MISSENSE,c.(769-771)tgA>tgG,5.95816e-01,5.58328e-01,BCL2L13
chr22_17778262_A_G,chr22,17778262,A,G,1|1,.,FIVE_PRIME_FLANK,,,4.10154e-01,BID
chr22_18097558_T_C,chr22,18097558,T,C,1|1,.,THREE_PRIME_UTR,,,6.84325e-01,PEX26
chr22_18098371_T_C,chr22,18098371,T,C,1|1,.,THREE_PRIME_UTR,,,9.92956e-01,PEX26
chr22_19047954_A_G,chr22,19047954,A,G,1|1,SnpCluster,INTRON,,,,DGCR2
chr22_19047955_G_A,chr22,19047955,G,A,1|1,SnpCluster,INTRON,,,,DGCR2
chr22_19047966_T_C,chr22,19047966,T,C,1|1,SnpCluster,INTRON,,,,DGCR2
chr22_19047967_G_A,chr22,19047967,G,A,1|1,SnpCluster,INTRON,,,,DGCR2
chr22_19047975_C_T,chr22,19047975,C,T,1|1,.,INTRON,,,9.56023e-05,DGCR2
chr22_19443515_A_G,chr22,19443515,A,G,1|1,.,THREE_PRIME_UTR,,,8.42999e-01,C22orf39
chr22_19467264_T_C,chr22,19467264,T,C,1|1,.,INTRON,,,3.68997e-01,UFD1
chr22_20111808_G_A,chr22,20111808,G,A,1|0,.,THREE_PRIME_UTR,,,1.99853e-01,DGCR8
chr22_20112131_C_T,chr22,20112131,C,T,0|1,.,THREE_PRIME_UTR,,,1.17803e-01,TRMT2A
chr22_20508359_T_G,chr22,20508359,T,G,1|1,.,INTRON,,5.59012e-01,4.56723e-01,MED15
chr22_20888965_T_C,chr22,20888965,T,C,1|0,.,THREE_PRIME_UTR,,,3.74378e-01,SNAP29
chr22_20889399_T_G,chr22,20889399,T,G,1|1,.,THREE_PRIME_UTR,,,4.81890e-01,SNAP29
chr22_20890097_G_T,chr22,20890097,G,T,1|0,.,THREE_PRIME_UTR,,,3.66556e-01,SNAP29
chr22_20890638_A_G,chr22,20890638,A,G,0|1,PASS,THREE_PRIME_UTR,,,,SNAP29
chr22_20890652_A_G,chr22,20890652,A,G,1|0,.,THREE_PRIME_UTR,,,8.40866e-01,SNAP29
chr22_20950120_A_G,chr22,20950120,A,G,0|1,.,THREE_PRIME_UTR,,,7.65826e-01,CRKL
chr22_20950175_T_C,chr22,20950175,T,C,0|1,.,THREE_PRIME_UTR,,,7.73850e-01,CRKL
chr22_20952770_C_T,chr22,20952770,C,T,1|1,.,THREE_PRIME_UTR,,,7.59323e-01,CRKL
chr22_20957433_T_G,chr22,20957433,T,G,0|1,.,LINCRNA,,,7.65718e-01,LINC01637
chr22_20981317_C_T,chr22,20981317,C,T,1|1,.,THREE_PRIME_UTR,,,9.21230e-01,AIFM3
chr22_20981322_A_G,chr22,20981322,A,G,1|1,.,THREE_PRIME_UTR,,,9.95318e-01,AIFM3
chr22_21622137_T_C,chr22,21622137,T,C,1|1,.,THREE_PRIME_UTR,,,1.91071e-03,UBE2L3
chr22_21670218_G_A,chr22,21670218,G,A,1|1,.,INTRON,,,9.80644e-01,PPIL2
chr22_21697259_G_A,chr22,21697259,G,A,1|1,.,THREE_PRIME_UTR,,,2.16582e-01,PPIL2
chr22_21699487_T_C,chr22,21699487,T,C,1|1,.,THREE_PRIME_UTR,,,3.21280e-01,PPIL2
chr22_21701105_A_G,chr22,21701105,A,G,0|1,.,THREE_PRIME_UTR,,6.42152e-01,6.51273e-01,YPEL1
chr22_21760715_C_G,chr22,21760715,C,G,1|0,.,THREE_PRIME_UTR,,,4.75080e-01,MAPK1
chr22_21761209_T_C,chr22,21761209,T,C,1|0,.,THREE_PRIME_UTR,,,5.19700e-01,MAPK1
chr22_22269443_C_T,chr22,22269443,C,T,1|0,.,LINCRNA,,,1.51749e-01,AC245060.6
chr22_22285349_C_T,chr22,22285349,C,T,1|0,.,LINCRNA,,,4.08324e-01,AC245060.5
chr22_22285853_G_A,chr22,22285853,G,A,1|1,.,LINCRNA,,,,AC245060.5
chr22_22285854_G_A,chr22,22285854,G,A,1|1,.,LINCRNA,,,,AC245060.5
chr22_22285856_C_A,chr22,22285856,C,A,1|1,.,LINCRNA,,,,AC245060.5
chr22_22286109_G_C,chr22,22286109,G,C,1|1,.,LINCRNA,,,,AC245060.5
chr22_22286117_G_C,chr22,22286117,G,C,1|1,.,LINCRNA,,,,AC245060.5
chr22_22294740_T_C,chr22,22294740,T,C,1|1,.,LINCRNA,,,1.67694e-01,AC245060.2
chr22_22370005_G_A,chr22,22370005,G,A,0|1,.,RNA,,1.21731e-05,,IGLV7-46
chr22_22370026_T_C,chr22,22370026,T,C,1|1,.,RNA,,8.91912e-01,9.13037e-01,IGLV7-46
chr22_23124893_C_T,chr22,23124893,C,T,1|1,.,THREE_PRIME_UTR,,,4.77601e-01,GNAZ
chr22_23291065_G_A,chr22,23291065,G,A,1|1,.,INTRON,,,7.61905e-01,BCR
chr22_23691299_T_C,chr22,23691299,T,C,1|1,.,INTRON,,,1.24450e-01,RGL4
chr22_23766225_G_A,chr22,23766225,G,A,1|1,.,SILENT,c.(310-312)caC>caT,7.79418e-01,7.97525e-01,CHCHD10
chr22_23767587_T_G,chr22,23767587,T,G,1|1,.,SILENT,c.(46-48)acA>acC,8.07882e-01,9.12908e-01,CHCHD10
chr22_23826022_A_G,chr22,23826022,A,G,1|1,.,INTRON,,,9.19093e-01,SMARCB1
chr22_23872094_A_G,chr22,23872094,A,G,1|1,.,INTRON,,,7.05002e-01,SLC2A11
chr22_24270867_C_G,chr22,24270867,C,G,1|1,.,FIVE_PRIME_UTR,,,1.80716e-01,SPECC1L
chr22_24365499_G_A,chr22,24365499,G,A,1|1,.,MISSENSE,c.(2851-2853)Gac>Aac,9.99928e-01,9.99873e-01,SPECC1L
chr22_24541519_A_G,chr22,24541519,A,G,1|1,.,THREE_PRIME_UTR,,,7.43800e-01,GUCD1
chr22_24568160_T_C,chr22,24568160,T,C,1|1,.,SILENT,c.(301-303)cgT>cgC,7.89922e-01,7.41822e-01,SNRPD3
chr22_24573048_C_T,chr22,24573048,C,T,1|1,.,INTRON,,,9.62974e-01,SNRPD3
chr22_24574627_A_G,chr22,24574627,A,G,1|1,.,INTRON,,,3.18695e-05,SNRPD3
chr22_25727521_C_T,chr22,25727521,C,T,1|1,.,THREE_PRIME_UTR,,,9.82715e-01,GRK3
chr22_26451620_G_T,chr22,26451620,G,T,1|1,.,THREE_PRIME_UTR,,,8.95366e-01,HPS4
chr22_26482015_G_A,chr22,26482015,G,A,1|1,.,FIVE_PRIME_UTR,,,8.30506e-01,HPS4
chr22_26482058_A_G,chr22,26482058,A,G,1|1,.,FIVE_PRIME_UTR,,,8.97203e-01,HPS4
chr22_26491863_A_G,chr22,26491863,A,G,1|1,.,THREE_PRIME_UTR,,,8.54557e-01,SRRD
chr22_26492759_T_C,chr22,26492759,T,C,1|1,.,THREE_PRIME_UTR,,,8.59055e-01,SRRD
chr22_26665973_C_T,chr22,26665973,C,T,1|1,.,LINCRNA,,,8.19848e-01,MIAT
chr22_26671680_A_G,chr22,26671680,A,G,1|1,.,SPLICE_SITE,c.e1+2,,3.99102e-01,Z99774.1
chr22_26673476_G_A,chr22,26673476,G,A,1|1,.,LINCRNA,,,3.98730e-01,MIATNB
chr22_26693692_G_T,chr22,26693692,G,T,1|1,.,LINCRNA,,,5.20346e-01,MIATNB
chr22_26908016_G_A,chr22,26908016,G,A,0|1,.,LINCRNA,,,3.47672e-01,LINC01422
chr22_26908016_G_A,chr22,26908016,G,A,0|1,.,LINCRNA,,,3.47672e-01,LINC01422
chr22_27919477_T_C,chr22,27919477,T,C,0|1,.,FIVE_PRIME_FLANK,,,6.73291e-02,PITPNB
chr22_27919477_T_C,chr22,27919477,T,C,0|1,.,FIVE_PRIME_FLANK,,,6.73291e-02,PITPNB
chr22_28772767_T_C,chr22,28772767,T,C,1|0,.,FIVE_PRIME_UTR,,,4.22813e-01,CCDC117
chr22_28772767_T_C,chr22,28772767,T,C,1|0,.,FIVE_PRIME_UTR,,,4.22813e-01,CCDC117
chr22_28800538_G_A,chr22,28800538,G,A,1|0,.,FIVE_PRIME_UTR,,8.85238e-02,1.14792e-01,XBP1
chr22_28800538_G_A,chr22,28800538,G,A,1|0,.,FIVE_PRIME_UTR,,8.85238e-02,1.14792e-01,XBP1
chr22_28800769_G_C,chr22,28800769,G,C,1|0,.,FIVE_PRIME_FLANK,,,4.12303e-01,XBP1
chr22_28800769_G_C,chr22,28800769,G,C,1|0,.,FIVE_PRIME_FLANK,,,4.12303e-01,XBP1
chr22_29099091_G_A,chr22,29099091,G,A,1|1,.,INTRON,,,4.62253e-01,KREMEN1
chr22_29099091_G_A,chr22,29099091,G,A,1|1,.,INTRON,,,4.62253e-01,KREMEN1
chr22_29143558_T_C,chr22,29143558,T,C,1|1,.,INTRON,,,7.19219e-01,KREMEN1
chr22_29143558_T_C,chr22,29143558,T,C,1|1,.,INTRON,,,7.19219e-01,KREMEN1
chr22_29146760_C_A,chr22,29146760,C,A,1|1,.,INTRON,,,9.71656e-01,KREMEN1
chr22_29146760_C_A,chr22,29146760,C,A,1|1,.,INTRON,,,9.71656e-01,KREMEN1
chr22_29289722_C_T,chr22,29289722,C,T,1|1,.,INTRON,,,6.47457e-01,EWSR1
chr22_29289722_C_T,chr22,29289722,C,T,1|1,.,INTRON,,,6.47457e-01,EWSR1
chr22_29441548_T_C,chr22,29441548,T,C,1|1,.,MISSENSE,c.(379-381)gTg>gCg,3.51584e-01,2.77179e-01,RFPL1
chr22_29441548_T_C,chr22,29441548,T,C,1|1,.,MISSENSE,c.(379-381)gTg>gCg,3.51584e-01,2.77179e-01,RFPL1
chr22_29491197_G_C,chr22,29491197,G,C,1|1,.,THREE_PRIME_UTR,,,6.65327e-01,NEFH
chr22_29491197_G_C,chr22,29491197,G,C,1|1,.,THREE_PRIME_UTR,,,6.65327e-01,NEFH
chr22_29506140_A_G,chr22,29506140,A,G,1|0,.,THREE_PRIME_UTR,,,9.13296e-02,THOC5
chr22_29506140_A_G,chr22,29506140,A,G,1|0,.,THREE_PRIME_UTR,,,9.13296e-02,THOC5
chr22_29507218_C_G,chr22,29507218,C,G,1|1,.,THREE_PRIME_UTR,,,6.55252e-02,THOC5
chr22_29507218_C_G,chr22,29507218,C,G,1|1,.,THREE_PRIME_UTR,,,6.55252e-02,THOC5
chr22_29508365_G_A,chr22,29508365,G,A,0|1,.,THREE_PRIME_UTR,,,1.63713e-01,THOC5
chr22_29508365_G_A,chr22,29508365,G,A,0|1,.,THREE_PRIME_UTR,,,1.63713e-01,THOC5
chr22_29603889_G_C,chr22,29603889,G,C,1|1,.,FIVE_PRIME_UTR,,,8.66090e-01,NF2
chr22_29603889_G_C,chr22,29603889,G,C,1|1,.,FIVE_PRIME_UTR,,,8.66090e-01,NF2
chr22_30001076_G_A,chr22,30001076,G,A,1|0,.,INTRON,,,4.11116e-03,MTMR3
chr22_30001076_G_A,chr22,30001076,G,A,1|0,.,INTRON,,,4.11116e-03,MTMR3
chr22_30009162_T_C,chr22,30009162,T,C,1|1,.,INTRON,,7.03779e-01,7.24151e-01,MTMR3
chr22_30009162_T_C,chr22,30009162,T,C,1|1,.,INTRON,,7.03779e-01,7.24151e-01,MTMR3
chr22_30024253_C_T,chr22,30024253,C,T,0|1,.,INTRON,,,2.61097e-03,MTMR3
chr22_30024253_C_T,chr22,30024253,C,T,0|1,.,INTRON,,,2.61097e-03,MTMR3
chr22_30024260_T_C,chr22,30024260,T,C,0|1,SnpCluster,INTRON,,,,MTMR3
chr22_30024260_T_C,chr22,30024260,T,C,0|1,SnpCluster,INTRON,,,,MTMR3
chr22_30027471_C_T,chr22,30027471,C,T,1|1,.,THREE_PRIME_UTR,,,3.94132e-01,MTMR3
chr22_30027471_C_T,chr22,30027471,C,T,1|1,.,THREE_PRIME_UTR,,,3.94132e-01,MTMR3
chr22_30030334_A_G,chr22,30030334,A,G,1|1,.,THREE_PRIME_UTR,,,9.99745e-01,MTMR3
chr22_30030334_A_G,chr22,30030334,A,G,1|1,.,THREE_PRIME_UTR,,,9.99745e-01,MTMR3
chr22_30030341_AAGATT_A,chr22,30030341,AAGATT,A,0|1,PASS,THREE_PRIME_UTR,,,3.05174e-01,MTMR3
chr22_30030341_AAGATT_A,chr22,30030341,AAGATT,A,0|1,PASS,THREE_PRIME_UTR,,,3.05174e-01,MTMR3
chr22_30332367_A_C,chr22,30332367,A,C,1|1,.,THREE_PRIME_UTR,,,8.72059e-01,SF3A1
chr22_30332367_A_C,chr22,30332367,A,C,1|1,.,THREE_PRIME_UTR,,,8.72059e-01,SF3A1
chr22_30617412_G_A,chr22,30617412,G,A,1|1,.,SILENT,c.(1009-1011)ggG>ggA,2.53151e-02,2.20912e-02,TCN2
chr22_30617412_G_A,chr22,30617412,G,A,1|1,.,SILENT,c.(1009-1011)ggG>ggA,2.53151e-02,2.20912e-02,TCN2
chr22_30654175_T_C,chr22,30654175,T,C,1|1,.,INTRON,,,8.84278e-01,DUSP18
chr22_30654175_T_C,chr22,30654175,T,C,1|1,.,INTRON,,,8.84278e-01,DUSP18
chr22_30661597_C_T,chr22,30661597,C,T,1|1,.,INTRON,,,6.04154e-01,DUSP18
chr22_30661597_C_T,chr22,30661597,C,T,1|1,.,INTRON,,,6.04154e-01,DUSP18
chr22_30661602_GT_G,chr22,30661602,GT,G,1|1,PASS,INTRON,,,9.09491e-01,DUSP18
chr22_30661602_GT_G,chr22,30661602,GT,G,1|1,PASS,INTRON,,,9.09491e-01,DUSP18
chr22_30662128_G_A,chr22,30662128,G,A,1|1,.,THREE_PRIME_UTR,,,6.27028e-01,DUSP18
chr22_30662128_G_A,chr22,30662128,G,A,1|1,.,THREE_PRIME_UTR,,,6.27028e-01,DUSP18
chr22_30968594_G_A,chr22,30968594,G,A,0|1,.,FIVE_PRIME_FLANK,,,4.02839e-03,MORC2
chr22_30968594_G_A,chr22,30968594,G,A,0|1,.,FIVE_PRIME_FLANK,,,4.02839e-03,MORC2
chr22_30970344_G_T,chr22,30970344,G,T,1|1,.,FIVE_PRIME_FLANK,,,3.94930e-03,MORC2
chr22_30970344_G_T,chr22,30970344,G,T,1|1,.,FIVE_PRIME_FLANK,,,3.94930e-03,MORC2
chr22_30970689_G_T,chr22,30970689,G,T,1|1,.,FIVE_PRIME_FLANK,,,9.36699e-01,MORC2
chr22_30970689_G_T,chr22,30970689,G,T,1|1,.,FIVE_PRIME_FLANK,,,9.36699e-01,MORC2
chr22_31206655_G_C,chr22,31206655,G,C,1|0,.,THREE_PRIME_UTR,,,2.35223e-01,RNF185
chr22_31206655_G_C,chr22,31206655,G,C,1|0,.,THREE_PRIME_UTR,,,2.35223e-01,RNF185
chr22_31206786_C_T,chr22,31206786,C,T,0|1,.,THREE_PRIME_UTR,,,3.91129e-01,RNF185
chr22_31206786_C_T,chr22,31206786,C,T,0|1,.,THREE_PRIME_UTR,,,3.91129e-01,RNF185
chr22_31225806_G_A,chr22,31225806,G,A,1|0,.,MISSENSE,c.(103-105)Gct>Act,1.52603e-01,2.26589e-01,LIMK2
chr22_31225806_G_A,chr22,31225806,G,A,1|0,.,MISSENSE,c.(103-105)Gct>Act,1.52603e-01,2.26589e-01,LIMK2
chr22_31267856_C_G,chr22,31267856,C,G,1|1,.,MISSENSE,c.(1207-1209)tgC>tgG,7.55042e-01,7.72716e-01,LIMK2
chr22_31267856_C_G,chr22,31267856,C,G,1|1,.,MISSENSE,c.(1207-1209)tgC>tgG,7.55042e-01,7.72716e-01,LIMK2
chr22_31282972_C_G,chr22,31282972,C,G,1|0,.,THREE_PRIME_UTR,,,3.72382e-01,PIK3IP1
chr22_31282972_C_G,chr22,31282972,C,G,1|0,.,THREE_PRIME_UTR,,,3.72382e-01,PIK3IP1
chr22_31290158_A_G,chr22,31290158,A,G,1|1,.,INTRON,,,7.72982e-01,PIK3IP1
chr22_31290158_A_G,chr22,31290158,A,G,1|1,.,INTRON,,,7.72982e-01,PIK3IP1
chr22_31291079_C_T,chr22,31291079,C,T,0|1,.,MISSENSE,c.(193-195)Ggc>Agc,4.85676e-03,1.92246e-03,PIK3IP1
chr22_31291079_C_T,chr22,31291079,C,T,0|1,.,MISSENSE,c.(193-195)Ggc>Agc,4.85676e-03,1.92246e-03,PIK3IP1
chr22_31433989_A_G,chr22,31433989,A,G,1|0,.,THREE_PRIME_UTR,,9.29887e-04,9.87764e-04,DRG1
chr22_31433989_A_G,chr22,31433989,A,G,1|0,.,THREE_PRIME_UTR,,9.29887e-04,9.87764e-04,DRG1
chr22_31490968_T_C,chr22,31490968,T,C,1|1,.,FIVE_PRIME_FLANK,,,1.96141e-02,EIF4ENIF1
chr22_31490968_T_C,chr22,31490968,T,C,1|1,.,FIVE_PRIME_FLANK,,,1.96141e-02,EIF4ENIF1
chr22_31612053_A_G,chr22,31612053,A,G,1|1,.,INTRON,,,3.54330e-01,SFI1
chr22_31612053_A_G,chr22,31612053,A,G,1|1,.,INTRON,,,3.54330e-01,SFI1
chr22_31612205_C_T,chr22,31612205,C,T,1|0,.,INTRON,,,3.02377e-02,SFI1
chr22_31612205_C_T,chr22,31612205,C,T,1|0,.,INTRON,,,3.02377e-02,SFI1
chr22_31618175_G_A,chr22,31618175,G,A,1|0,.,SILENT,c.(3478-3480)ctG>ctA,3.83542e-02,5.01850e-02,SFI1
chr22_31618175_G_A,chr22,31618175,G,A,1|0,.,SILENT,c.(3478-3480)ctG>ctA,3.83542e-02,5.01850e-02,SFI1
chr22_31618810_T_G,chr22,31618810,T,G,1|0,.,THREE_PRIME_UTR,,,1.44350e-02,PISD
chr22_31618810_T_G,chr22,31618810,T,G,1|0,.,THREE_PRIME_UTR,,,1.44350e-02,PISD
chr22_31619176_C_T,chr22,31619176,C,T,1|1,.,THREE_PRIME_UTR,,,2.37990e-01,PISD
chr22_31619176_C_T,chr22,31619176,C,T,1|1,.,THREE_PRIME_UTR,,,2.37990e-01,PISD
chr22_31619420_T_C,chr22,31619420,T,C,1|1,.,THREE_PRIME_UTR,,,3.44581e-01,PISD
chr22_31619420_T_C,chr22,31619420,T,C,1|1,.,THREE_PRIME_UTR,,,3.44581e-01,PISD
chr22_31619464_T_G,chr22,31619464,T,G,1|1,.,THREE_PRIME_UTR,,3.19824e-01,3.49282e-01,PISD
chr22_31619464_T_G,chr22,31619464,T,G,1|1,.,THREE_PRIME_UTR,,3.19824e-01,3.49282e-01,PISD
chr22_31713925_T_C,chr22,31713925,T,C,0|1,.,MISSENSE,c.(3913-3915)gAc>gGc,7.39683e-03,1.43612e-02,PRR14L
chr22_31713925_T_C,chr22,31713925,T,C,0|1,.,MISSENSE,c.(3913-3915)gAc>gGc,7.39683e-03,1.43612e-02,PRR14L
chr22_31717094_A_G,chr22,31717094,A,G,0|1,.,MISSENSE,c.(745-747)Tgt>Cgt,1.01484e-02,2.24175e-02,PRR14L
chr22_31717094_A_G,chr22,31717094,A,G,0|1,.,MISSENSE,c.(745-747)Tgt>Cgt,1.01484e-02,2.24175e-02,PRR14L
chr22_31717283_C_A,chr22,31717283,C,A,1|0,.,NONSENSE,c.(556-558)Gag>Tag,3.48277e-02,3.15226e-02,PRR14L
chr22_31717283_C_A,chr22,31717283,C,A,1|0,.,NONSENSE,c.(556-558)Gag>Tag,3.48277e-02,3.15226e-02,PRR14L
chr22_31784356_C_T,chr22,31784356,C,T,1|0,.,INTRON,,,3.24895e-02,DEPDC5
chr22_31784356_C_T,chr22,31784356,C,T,1|0,.,INTRON,,,3.24895e-02,DEPDC5
chr22_31784502_G_A,chr22,31784502,G,A,1|1,.,INTRON,,,3.91427e-02,DEPDC5
chr22_31784502_G_A,chr22,31784502,G,A,1|1,.,INTRON,,,3.91427e-02,DEPDC5
chr22_31906744_C_T,chr22,31906744,C,T,1|1,.,THREE_PRIME_UTR,,,1.59117e-01,DEPDC5
chr22_31906744_C_T,chr22,31906744,C,T,1|1,.,THREE_PRIME_UTR,,,1.59117e-01,DEPDC5
chr22_31906825_C_T,chr22,31906825,C,T,0|1,.,THREE_PRIME_UTR,,,2.24608e-02,DEPDC5
chr22_31906825_C_T,chr22,31906825,C,T,0|1,.,THREE_PRIME_UTR,,,2.24608e-02,DEPDC5
chr22_31945106_A_G,chr22,31945106,A,G,0|1,.,INTRON,,,5.15977e-01,YWHAH
chr22_31945106_A_G,chr22,31945106,A,G,0|1,.,INTRON,,,5.15977e-01,YWHAH
chr22_31945155_T_C,chr22,31945155,T,C,0|1,.,INTRON,,,3.82834e-01,YWHAH
chr22_31945155_T_C,chr22,31945155,T,C,0|1,.,INTRON,,,3.82834e-01,YWHAH
chr22_31956804_G_A,chr22,31956804,G,A,0|1,.,THREE_PRIME_UTR,,2.91115e-01,2.41114e-01,YWHAH
chr22_31956804_G_A,chr22,31956804,G,A,0|1,.,THREE_PRIME_UTR,,2.91115e-01,2.41114e-01,YWHAH
chr22_32487295_A_G,chr22,32487295,A,G,1|1,.,INTRON,,,5.57857e-01,FBXO7
chr22_32487295_A_G,chr22,32487295,A,G,1|1,.,INTRON,,,5.57857e-01,FBXO7
chr22_32487357_A_G,chr22,32487357,A,G,1|1,.,INTRON,,,6.33023e-01,FBXO7
chr22_32487357_A_G,chr22,32487357,A,G,1|1,.,INTRON,,,6.33023e-01,FBXO7
chr22_32488977_T_C,chr22,32488977,T,C,1|0,.,INTRON,,,4.13638e-01,FBXO7
chr22_32488977_T_C,chr22,32488977,T,C,1|0,.,INTRON,,,4.13638e-01,FBXO7
chr22_32488994_T_C,chr22,32488994,T,C,0|1,PASS,INTRON,,,,FBXO7
chr22_32488994_T_C,chr22,32488994,T,C,0|1,PASS,INTRON,,,,FBXO7
chr22_32489562_C_T,chr22,32489562,C,T,1|1,.,INTRON,,,4.10151e-01,FBXO7
chr22_32489562_C_T,chr22,32489562,C,T,1|1,.,INTRON,,,4.10151e-01,FBXO7
chr22_32489793_C_T,chr22,32489793,C,T,1|1,.,INTRON,,,4.10000e-01,FBXO7
chr22_32489793_C_T,chr22,32489793,C,T,1|1,.,INTRON,,,4.10000e-01,FBXO7
chr22_32491163_C_T,chr22,32491163,C,T,1|0,.,SILENT,c.(949-951)Ctg>Ttg,4.52538e-01,4.09977e-01,FBXO7
chr22_32491163_C_T,chr22,32491163,C,T,1|0,.,SILENT,c.(949-951)Ctg>Ttg,4.52538e-01,4.09977e-01,FBXO7
chr22_35261949_T_C,chr22,35261949,T,C,1|1,.,INTRON,,,9.98949e-01,HMGXB4
chr22_35261949_T_C,chr22,35261949,T,C,1|1,.,INTRON,,,9.98949e-01,HMGXB4
chr22_35264882_G_T,chr22,35264882,G,T,0|1,.,MISSENSE,c.(493-495)cGg>cTg,5.84957e-01,4.92584e-01,HMGXB4
chr22_35264882_G_T,chr22,35264882,G,T,0|1,.,MISSENSE,c.(493-495)cGg>cTg,5.84957e-01,4.92584e-01,HMGXB4
chr22_35331326_A_G,chr22,35331326,A,G,0|1,SnpCluster,INTRON,,,,TOM1
chr22_35331326_A_G,chr22,35331326,A,G,0|1,SnpCluster,INTRON,,,,TOM1
chr22_35331346_A_G,chr22,35331346,A,G,0|1,SnpCluster,INTRON,,,,TOM1
chr22_35331346_A_G,chr22,35331346,A,G,0|1,SnpCluster,INTRON,,,,TOM1
chr22_35331350_A_G,chr22,35331350,A,G,1|0,.,INTRON,,1.50148e-04,1.93836e-04,TOM1
chr22_35331350_A_G,chr22,35331350,A,G,1|0,.,INTRON,,1.50148e-04,1.93836e-04,TOM1
chr22_35662029_T_C,chr22,35662029,T,C,1|1,.,THREE_PRIME_UTR,,,9.84366e-01,APOL6
chr22_35662029_T_C,chr22,35662029,T,C,1|1,.,THREE_PRIME_UTR,,,9.84366e-01,APOL6
chr22_35665111_C_T,chr22,35665111,C,T,1|1,.,THREE_PRIME_UTR,,,5.90264e-02,APOL6
chr22_35665111_C_T,chr22,35665111,C,T,1|1,.,THREE_PRIME_UTR,,,5.90264e-02,APOL6
chr22_35666397_C_T,chr22,35666397,C,T,1|1,.,THREE_PRIME_UTR,,,5.86642e-02,APOL6
chr22_35666397_C_T,chr22,35666397,C,T,1|1,.,THREE_PRIME_UTR,,,5.86642e-02,APOL6
chr22_36141452_A_T,chr22,36141452,A,T,1|0,.,MISSENSE,c.(955-957)gaT>gaA,4.47253e-01,3.59766e-01,APOL3
chr22_36141452_A_T,chr22,36141452,A,T,1|0,.,MISSENSE,c.(955-957)gaT>gaA,4.47253e-01,3.59766e-01,APOL3
chr22_36146146_A_C,chr22,36146146,A,C,1|0,.,INTRON,,,8.94015e-01,APOL3
chr22_36146146_A_C,chr22,36146146,A,C,1|0,.,INTRON,,,8.94015e-01,APOL3
chr22_36149089_A_T,chr22,36149089,A,T,1|0,.,INTRON,,8.85442e-01,8.93835e-01,APOL3
chr22_36149089_A_T,chr22,36149089,A,T,1|0,.,INTRON,,8.85442e-01,8.93835e-01,APOL3
chr22_36160775_G_T,chr22,36160775,G,T,1|0,.,SILENT,c.(115-117)ctC>ctA,8.40607e-01,7.51501e-01,APOL3
chr22_36160775_G_T,chr22,36160775,G,T,1|0,.,SILENT,c.(115-117)ctC>ctA,8.40607e-01,7.51501e-01,APOL3
chr22_36190156_C_T,chr22,36190156,C,T,1|1,.,THREE_PRIME_UTR,,,5.84228e-01,APOL4
chr22_36190156_C_T,chr22,36190156,C,T,1|1,.,THREE_PRIME_UTR,,,5.84228e-01,APOL4
chr22_36190287_C_T,chr22,36190287,C,T,1|0,.,THREE_PRIME_UTR,,,5.71703e-01,APOL4
chr22_36190287_C_T,chr22,36190287,C,T,1|0,.,THREE_PRIME_UTR,,,5.71703e-01,APOL4
chr22_36190300_A_C,chr22,36190300,A,C,1|0,.,THREE_PRIME_UTR,,,8.40032e-01,APOL4
chr22_36190300_A_C,chr22,36190300,A,C,1|0,.,THREE_PRIME_UTR,,,8.40032e-01,APOL4
chr22_36267202_A_G,chr22,36267202,A,G,1|0,.,THREE_PRIME_UTR,,,8.61735e-01,APOL1
chr22_36267202_A_G,chr22,36267202,A,G,1|0,.,THREE_PRIME_UTR,,,8.61735e-01,APOL1
chr22_36281868_A_G,chr22,36281868,A,G,1|0,.,THREE_PRIME_UTR,,,2.36328e-01,MYH9
chr22_36281868_A_G,chr22,36281868,A,G,1|0,.,THREE_PRIME_UTR,,,2.36328e-01,MYH9
chr22_36282072_C_T,chr22,36282072,C,T,0|1,.,THREE_PRIME_UTR,,,3.21312e-01,MYH9
chr22_36282072_C_T,chr22,36282072,C,T,0|1,.,THREE_PRIME_UTR,,,3.21312e-01,MYH9
chr22_36295561_A_C,chr22,36295561,A,C,1|1,.,MISSENSE,c.(3427-3429)gaT>gaG,9.76600e-01,9.72782e-01,MYH9
chr22_36295561_A_C,chr22,36295561,A,C,1|1,.,MISSENSE,c.(3427-3429)gaT>gaG,9.76600e-01,9.72782e-01,MYH9
chr22_36364793_G_A,chr22,36364793,G,A,1|1,.,INTRON,,,3.86419e-01,MYH9
chr22_36364793_G_A,chr22,36364793,G,A,1|1,.,INTRON,,,3.86419e-01,MYH9
chr22_36767036_C_T,chr22,36767036,C,T,0|1,.,INTRON,,,6.08602e-01,IFT27
chr22_36767036_C_T,chr22,36767036,C,T,0|1,.,INTRON,,,6.08602e-01,IFT27
chr22_36870280_A_G,chr22,36870280,A,G,1|1,.,INTRON,,,6.64070e-01,NCF4
chr22_36870280_A_G,chr22,36870280,A,G,1|1,.,INTRON,,,6.64070e-01,NCF4
chr22_36937752_A_G,chr22,36937752,A,G,1|1,.,SILENT,c.(1942-1944)ccA>ccG,8.32741e-01,7.80651e-01,CSF2RB
chr22_36937752_A_G,chr22,36937752,A,G,1|1,.,SILENT,c.(1942-1944)ccA>ccG,8.32741e-01,7.80651e-01,CSF2RB
chr22_37225405_C_G,chr22,37225405,C,G,1|1,.,THREE_PRIME_UTR,,,4.64616e-01,RAC2
chr22_37225405_C_G,chr22,37225405,C,G,1|1,.,THREE_PRIME_UTR,,,4.64616e-01,RAC2
chr22_37282510_A_G,chr22,37282510,A,G,0|1,.,FIVE_PRIME_UTR,,6.84149e-01,7.67090e-01,CYTH4
chr22_37282510_A_G,chr22,37282510,A,G,0|1,.,FIVE_PRIME_UTR,,6.84149e-01,7.67090e-01,CYTH4
chr22_37298236_A_G,chr22,37298236,A,G,1|1,.,INTRON,,,6.38479e-01,CYTH4
chr22_37298236_A_G,chr22,37298236,A,G,1|1,.,INTRON,,,6.38479e-01,CYTH4
chr22_37311921_C_T,chr22,37311921,C,T,1|1,.,INTRON,,,3.54753e-01,CYTH4
chr22_37311921_C_T,chr22,37311921,C,T,1|1,.,INTRON,,,3.54753e-01,CYTH4
chr22_37311963_T_C,chr22,37311963,T,C,1|1,.,INTRON,,,3.69294e-01,CYTH4
chr22_37311963_T_C,chr22,37311963,T,C,1|1,.,INTRON,,,3.69294e-01,CYTH4
chr22_37314528_G_T,chr22,37314528,G,T,0|1,.,THREE_PRIME_UTR,,,3.73026e-01,CYTH4
chr22_37314528_G_T,chr22,37314528,G,T,0|1,.,THREE_PRIME_UTR,,,3.73026e-01,CYTH4
chr22_37315037_C_G,chr22,37315037,C,G,0|1,.,THREE_PRIME_UTR,,,3.73068e-01,CYTH4
chr22_37315037_C_G,chr22,37315037,C,G,0|1,.,THREE_PRIME_UTR,,,3.73068e-01,CYTH4
chr22_37617802_G_A,chr22,37617802,G,A,1|1,.,INTRON,,,9.68828e-01,GGA1
chr22_37617802_G_A,chr22,37617802,G,A,1|1,.,INTRON,,,9.68828e-01,GGA1
chr22_37626615_A_C,chr22,37626615,A,C,1|1,.,INTRON,,,6.14538e-01,GGA1
chr22_37626615_A_C,chr22,37626615,A,C,1|1,.,INTRON,,,6.14538e-01,GGA1
chr22_37650688_C_A,chr22,37650688,C,A,1|0,.,MISSENSE,c.(1561-1563)Caa>Aaa,1.49276e-01,1.22649e-01,SH3BP1
chr22_37650688_C_A,chr22,37650688,C,A,1|0,.,MISSENSE,c.(1561-1563)Caa>Aaa,1.49276e-01,1.22649e-01,SH3BP1
chr22_37774019_G_A,chr22,37774019,G,A,1|1,.,THREE_PRIME_UTR,,,5.62736e-01,TRIOBP
chr22_37774019_G_A,chr22,37774019,G,A,1|1,.,THREE_PRIME_UTR,,,5.62736e-01,TRIOBP
chr22_37807318_G_T,chr22,37807318,G,T,0|1,.,THREE_PRIME_UTR,,,7.29325e-03,H1F0
chr22_37807318_G_T,chr22,37807318,G,T,0|1,.,THREE_PRIME_UTR,,,7.29325e-03,H1F0
chr22_37816755_A_G,chr22,37816755,A,G,1|1,.,INTRON,,6.81264e-01,7.10839e-01,GCAT
chr22_37816755_A_G,chr22,37816755,A,G,1|1,.,INTRON,,6.81264e-01,7.10839e-01,GCAT
chr22_38067528_C_T,chr22,38067528,C,T,0|1,.,INTRON,,,2.41802e-01,PICK1
chr22_38067528_C_T,chr22,38067528,C,T,0|1,.,INTRON,,,2.41802e-01,PICK1
chr22_38067645_T_G,chr22,38067645,T,G,0|1,.,INTRON,,,7.22911e-01,PICK1
chr22_38067645_T_G,chr22,38067645,T,G,0|1,.,INTRON,,,7.22911e-01,PICK1
chr22_38201167_G_C,chr22,38201167,G,C,1|1,.,FIVE_PRIME_FLANK,,,2.89070e-01,MAFF
chr22_38201167_G_C,chr22,38201167,G,C,1|1,.,FIVE_PRIME_FLANK,,,2.89070e-01,MAFF
chr22_38219529_A_T,chr22,38219529,A,T,0|1,.,THREE_PRIME_UTR,,,7.48868e-01,TMEM184B
chr22_38219529_A_T,chr22,38219529,A,T,0|1,.,THREE_PRIME_UTR,,,7.48868e-01,TMEM184B
chr22_38483683_G_A,chr22,38483683,G,A,0|1,.,THREE_PRIME_UTR,,,2.87420e-01,DDX17
chr22_38483683_G_A,chr22,38483683,G,A,0|1,.,THREE_PRIME_UTR,,,2.87420e-01,DDX17
chr22_38483935_A_G,chr22,38483935,A,G,0|1,.,THREE_PRIME_UTR,,,3.43818e-01,DDX17
chr22_38483935_A_G,chr22,38483935,A,G,0|1,.,THREE_PRIME_UTR,,,3.43818e-01,DDX17
chr22_38484682_C_T,chr22,38484682,C,T,1|1,.,THREE_PRIME_UTR,,,9.82546e-01,DDX17
chr22_38484682_C_T,chr22,38484682,C,T,1|1,.,THREE_PRIME_UTR,,,9.82546e-01,DDX17
chr22_38485449_A_C,chr22,38485449,A,C,1|0,.,THREE_PRIME_UTR,,,5.07602e-01,DDX17
chr22_38485449_A_C,chr22,38485449,A,C,1|0,.,THREE_PRIME_UTR,,,5.07602e-01,DDX17
chr22_38485698_T_A,chr22,38485698,T,A,1|0,.,THREE_PRIME_UTR,,,7.60795e-01,DDX17
chr22_38485698_T_A,chr22,38485698,T,A,1|0,.,THREE_PRIME_UTR,,,7.60795e-01,DDX17
chr22_38489622_T_C,chr22,38489622,T,C,1|1,.,INTRON,,,8.98092e-01,DDX17
chr22_38489622_T_C,chr22,38489622,T,C,1|1,.,INTRON,,,8.98092e-01,DDX17
chr22_38671326_G_A,chr22,38671326,G,A,1|1,.,INTRON,,,3.05548e-01,CBY1
chr22_38671326_G_A,chr22,38671326,G,A,1|1,.,INTRON,,,3.05548e-01,CBY1
chr22_38684073_T_C,chr22,38684073,T,C,1|0,.,THREE_PRIME_UTR,,,3.79361e-01,TOMM22
chr22_38684073_T_C,chr22,38684073,T,C,1|0,.,THREE_PRIME_UTR,,,3.79361e-01,TOMM22
chr22_38684240_A_G,chr22,38684240,A,G,1|0,.,THREE_PRIME_UTR,,,4.31015e-01,TOMM22
chr22_38684240_A_G,chr22,38684240,A,G,1|0,.,THREE_PRIME_UTR,,,4.31015e-01,TOMM22
chr22_38700597_T_C,chr22,38700597,T,C,1|0,.,FIVE_PRIME_UTR,,,5.12661e-01,JOSD1
chr22_38700597_T_C,chr22,38700597,T,C,1|0,.,FIVE_PRIME_UTR,,,5.12661e-01,JOSD1
chr22_38725247_A_G,chr22,38725247,A,G,1|0,.,INTRON,,,3.14682e-01,GTPBP1
chr22_38725247_A_G,chr22,38725247,A,G,1|0,.,INTRON,,,3.14682e-01,GTPBP1
chr22_38734838_C_G,chr22,38734838,C,G,1|0,.,THREE_PRIME_UTR,,,3.98807e-01,SUN2
chr22_38734838_C_G,chr22,38734838,C,G,1|0,.,THREE_PRIME_UTR,,,3.98807e-01,SUN2
chr22_38734959_C_T,chr22,38734959,C,T,1|0,.,THREE_PRIME_UTR,,,2.66932e-01,SUN2
chr22_38734959_C_T,chr22,38734959,C,T,1|0,.,THREE_PRIME_UTR,,,2.66932e-01,SUN2
chr22_38734966_A_G,chr22,38734966,A,G,1|0,.,THREE_PRIME_UTR,,,4.04817e-01,SUN2
chr22_38734966_A_G,chr22,38734966,A,G,1|0,.,THREE_PRIME_UTR,,,4.04817e-01,SUN2
chr22_38735722_T_G,chr22,38735722,T,G,1|1,.,THREE_PRIME_UTR,,,4.29699e-01,SUN2
chr22_38735722_T_G,chr22,38735722,T,G,1|1,.,THREE_PRIME_UTR,,,4.29699e-01,SUN2
chr22_38736743_G_A,chr22,38736743,G,A,1|0,.,INTRON,,,4.56139e-01,SUN2
chr22_38736743_G_A,chr22,38736743,G,A,1|0,.,INTRON,,,4.56139e-01,SUN2
chr22_38738710_T_C,chr22,38738710,T,C,1|0,.,MISSENSE,c.(1822-1824)tgA>tgG,3.15419e-01,3.70837e-01,SUN2
chr22_38738710_T_C,chr22,38738710,T,C,1|0,.,MISSENSE,c.(1822-1824)tgA>tgG,3.15419e-01,3.70837e-01,SUN2
chr22_38862073_C_T,chr22,38862073,C,T,1|1,.,THREE_PRIME_UTR,,,8.09615e-01,CBX6
chr22_38862073_C_T,chr22,38862073,C,T,1|1,.,THREE_PRIME_UTR,,,8.09615e-01,CBX6
chr22_39018761_C_T,chr22,39018761,C,T,1|1,.,THREE_PRIME_UTR,,,3.27785e-01,APOBEC3C
chr22_39018761_C_T,chr22,39018761,C,T,1|1,.,THREE_PRIME_UTR,,,3.27785e-01,APOBEC3C
chr22_39032391_C_G,chr22,39032391,C,G,1|1,.,THREE_PRIME_UTR,,,2.51106e-01,APOBEC3D
chr22_39032391_C_G,chr22,39032391,C,G,1|1,.,THREE_PRIME_UTR,,,2.51106e-01,APOBEC3D
chr22_39033062_C_A,chr22,39033062,C,A,1|1,.,THREE_PRIME_UTR,,,9.88850e-01,APOBEC3D
chr22_39033062_C_A,chr22,39033062,C,A,1|1,.,THREE_PRIME_UTR,,,9.88850e-01,APOBEC3D
chr22_39103758_T_C,chr22,39103758,T,C,1|1,.,THREE_PRIME_UTR,,,5.53348e-01,APOBEC3H
chr22_39103758_T_C,chr22,39103758,T,C,1|1,.,THREE_PRIME_UTR,,,5.53348e-01,APOBEC3H
chr22_39103897_C_T,chr22,39103897,C,T,1|1,.,THREE_PRIME_UTR,,,5.72203e-01,APOBEC3H
chr22_39103897_C_T,chr22,39103897,C,T,1|1,.,THREE_PRIME_UTR,,,5.72203e-01,APOBEC3H
chr22_39135727_C_G,chr22,39135727,C,G,1|1,.,INTRON,,,4.27220e-01,CBX7
chr22_39135727_C_G,chr22,39135727,C,G,1|1,.,INTRON,,,4.27220e-01,CBX7
chr22_39135950_T_C,chr22,39135950,T,C,1|1,.,INTRON,,,7.00757e-01,CBX7
chr22_39135950_T_C,chr22,39135950,T,C,1|1,.,INTRON,,,7.00757e-01,CBX7
chr22_39147366_T_C,chr22,39147366,T,C,1|1,.,INTRON,,,7.00251e-01,CBX7
chr22_39147366_T_C,chr22,39147366,T,C,1|1,.,INTRON,,,7.00251e-01,CBX7
chr22_39318211_A_G,chr22,39318211,A,G,1|1,.,INTRON,,,4.11393e-01,RPL3
chr22_39318211_A_G,chr22,39318211,A,G,1|1,.,INTRON,,,4.11393e-01,RPL3
chr22_39318485_C_T,chr22,39318485,C,T,1|0,.,SILENT,c.(109-111)agG>agA,4.12743e-01,3.71923e-01,RPL3
chr22_39318485_C_T,chr22,39318485,C,T,1|0,.,SILENT,c.(109-111)agG>agA,4.12743e-01,3.71923e-01,RPL3
chr22_39517552_G_A,chr22,39517552,G,A,1|1,.,THREE_PRIME_UTR,,3.06164e-01,3.07250e-01,MIEF1
chr22_39517552_G_A,chr22,39517552,G,A,1|1,.,THREE_PRIME_UTR,,3.06164e-01,3.07250e-01,MIEF1
chr22_40327705_A_G,chr22,40327705,A,G,1|1,.,THREE_PRIME_UTR,,,9.90604e-01,TNRC6B
chr22_40327705_A_G,chr22,40327705,A,G,1|1,.,THREE_PRIME_UTR,,,9.90604e-01,TNRC6B
chr22_40817263_T_A,chr22,40817263,T,A,1|1,.,INTRON,,,4.41079e-01,SLC25A17
chr22_40817263_T_A,chr22,40817263,T,A,1|1,.,INTRON,,,4.41079e-01,SLC25A17
chr22_40826118_T_C,chr22,40826118,T,C,1|0,.,THREE_PRIME_UTR,,,2.42007e-03,ST13
chr22_40826118_T_C,chr22,40826118,T,C,1|0,.,THREE_PRIME_UTR,,,2.42007e-03,ST13
chr22_41108045_C_G,chr22,41108045,C,G,1|1,.,INTRON,,,5.93728e-01,EP300
chr22_41108045_C_G,chr22,41108045,C,G,1|1,.,INTRON,,,5.93728e-01,EP300
chr22_41152004_A_G,chr22,41152004,A,G,1|0,.,MISSENSE,c.(2989-2991)Aat>Gat,3.09851e-01,2.16163e-01,EP300
chr22_41152004_A_G,chr22,41152004,A,G,1|0,.,MISSENSE,c.(2989-2991)Aat>Gat,3.09851e-01,2.16163e-01,EP300
chr22_41155035_T_A,chr22,41155035,T,A,1|1,.,SILENT,c.(3181-3183)gcT>gcA,6.65032e-01,5.92008e-01,EP300
chr22_41155035_T_A,chr22,41155035,T,A,1|1,.,SILENT,c.(3181-3183)gcT>gcA,6.65032e-01,5.92008e-01,EP300
chr22_41169281_A_G,chr22,41169281,A,G,1|1,.,INTRON,,,2.63015e-01,EP300
chr22_41169281_A_G,chr22,41169281,A,G,1|1,.,INTRON,,,2.63015e-01,EP300
chr22_41179878_A_C,chr22,41179878,A,C,0|1,.,THREE_PRIME_UTR,,,1.99796e-02,EP300
chr22_41179878_A_C,chr22,41179878,A,C,0|1,.,THREE_PRIME_UTR,,,1.99796e-02,EP300
chr22_41179880_T_A,chr22,41179880,T,A,0|1,PASS,THREE_PRIME_UTR,,,,EP300
chr22_41179880_T_A,chr22,41179880,T,A,0|1,PASS,THREE_PRIME_UTR,,,,EP300
chr22_41246208_C_T,chr22,41246208,C,T,1|1,.,THREE_PRIME_UTR,,,2.70497e-01,RANGAP1
chr22_41246208_C_T,chr22,41246208,C,T,1|1,.,THREE_PRIME_UTR,,,2.70497e-01,RANGAP1
chr22_41285105_G_A,chr22,41285105,G,A,1|1,.,FIVE_PRIME_UTR,,,8.32005e-03,RANGAP1
chr22_41285105_G_A,chr22,41285105,G,A,1|1,.,FIVE_PRIME_UTR,,,8.32005e-03,RANGAP1
chr22_41434208_G_A,chr22,41434208,G,A,1|1,.,THREE_PRIME_UTR,,,6.21809e-01,TOB2
chr22_41434208_G_A,chr22,41434208,G,A,1|1,.,THREE_PRIME_UTR,,,6.21809e-01,TOB2
chr22_41460133_T_A,chr22,41460133,T,A,1|1,.,THREE_PRIME_UTR,,,8.35123e-01,PHF5A
chr22_41460133_T_A,chr22,41460133,T,A,1|1,.,THREE_PRIME_UTR,,,8.35123e-01,PHF5A
chr22_41515521_C_T,chr22,41515521,C,T,1|1,.,SILENT,c.(670-672)Ctg>Ttg,3.90182e-01,3.72477e-01,ACO2
chr22_41515521_C_T,chr22,41515521,C,T,1|1,.,SILENT,c.(670-672)Ctg>Ttg,3.90182e-01,3.72477e-01,ACO2
chr22_41674272_T_C,chr22,41674272,T,C,1|1,.,THREE_PRIME_UTR,,,8.47378e-01,SNU13
chr22_41674272_T_C,chr22,41674272,T,C,1|1,.,THREE_PRIME_UTR,,,8.47378e-01,SNU13
chr22_41924127_G_C,chr22,41924127,G,C,0|1,.,THREE_PRIME_UTR,,,5.98166e-02,TNFRSF13C
chr22_41924127_G_C,chr22,41924127,G,C,0|1,.,THREE_PRIME_UTR,,,5.98166e-02,TNFRSF13C
chr22_41925247_A_G,chr22,41925247,A,G,0|1,.,THREE_PRIME_UTR,,,3.83805e-01,TNFRSF13C
chr22_41925247_A_G,chr22,41925247,A,G,0|1,.,THREE_PRIME_UTR,,,3.83805e-01,TNFRSF13C
chr22_41938949_C_G,chr22,41938949,C,G,0|1,.,THREE_PRIME_UTR,,,2.47192e-01,CENPM
chr22_41938949_C_G,chr22,41938949,C,G,0|1,.,THREE_PRIME_UTR,,,2.47192e-01,CENPM
chr22_42078134_C_G,chr22,42078134,C,G,1|1,.,THREE_PRIME_UTR,,,3.77563e-01,FAM109B
chr22_42078134_C_G,chr22,42078134,C,G,1|1,.,THREE_PRIME_UTR,,,3.77563e-01,FAM109B
chr22_42085845_G_A,chr22,42085845,G,A,1|1,.,THREE_PRIME_UTR,,,6.46629e-01,NDUFA6
chr22_42085845_G_A,chr22,42085845,G,A,1|1,.,THREE_PRIME_UTR,,,6.46629e-01,NDUFA6
chr22_42089667_T_C,chr22,42089667,T,C,1|1,.,INTRON,,,5.88085e-01,NDUFA6
chr22_42089667_T_C,chr22,42089667,T,C,1|1,.,INTRON,,,5.88085e-01,NDUFA6
chr22_42090719_G_A,chr22,42090719,G,A,1|1,.,MISSENSE,c.(25-27)gCt>gTt,3.33105e-01,3.74960e-01,NDUFA6
chr22_42090719_G_A,chr22,42090719,G,A,1|1,.,MISSENSE,c.(25-27)gCt>gTt,3.33105e-01,3.74960e-01,NDUFA6
chr22_42210251_C_T,chr22,42210251,C,T,0|1,.,MISSENSE,c.(5053-5055)atG>atA,2.49207e-01,2.35337e-01,TCF20
chr22_42210251_C_T,chr22,42210251,C,T,0|1,.,MISSENSE,c.(5053-5055)atG>atA,2.49207e-01,2.35337e-01,TCF20
chr22_42380582_T_C,chr22,42380582,T,C,1|1,.,THREE_PRIME_UTR,,,5.39534e-01,NFAM1
chr22_42380582_T_C,chr22,42380582,T,C,1|1,.,THREE_PRIME_UTR,,,5.39534e-01,NFAM1
chr22_42380603_A_G,chr22,42380603,A,G,1|1,.,THREE_PRIME_UTR,,,5.26978e-01,NFAM1
chr22_42380603_A_G,chr22,42380603,A,G,1|1,.,THREE_PRIME_UTR,,,5.26978e-01,NFAM1
chr22_42382204_T_C,chr22,42382204,T,C,1|1,.,THREE_PRIME_UTR,,,5.07997e-01,NFAM1
chr22_42382204_T_C,chr22,42382204,T,C,1|1,.,THREE_PRIME_UTR,,,5.07997e-01,NFAM1
chr22_42382319_A_G,chr22,42382319,A,G,1|1,.,THREE_PRIME_UTR,,,5.35742e-01,NFAM1
chr22_42382319_A_G,chr22,42382319,A,G,1|1,.,THREE_PRIME_UTR,,,5.35742e-01,NFAM1
chr22_42383012_T_C,chr22,42383012,T,C,1|1,.,THREE_PRIME_UTR,,,3.06873e-01,NFAM1
chr22_42383012_T_C,chr22,42383012,T,C,1|1,.,THREE_PRIME_UTR,,,3.06873e-01,NFAM1
chr22_42387064_G_A,chr22,42387064,G,A,1|1,.,SILENT,c.(676-678)agC>agT,1.36575e-01,1.30585e-01,NFAM1
chr22_42387064_G_A,chr22,42387064,G,A,1|1,.,SILENT,c.(676-678)agC>agT,1.36575e-01,1.30585e-01,NFAM1
chr22_42397867_A_G,chr22,42397867,A,G,1|1,.,SILENT,c.(652-654)caT>caC,1.50927e-01,1.70121e-01,NFAM1
chr22_42397867_A_G,chr22,42397867,A,G,1|1,.,SILENT,c.(652-654)caT>caC,1.50927e-01,1.70121e-01,NFAM1
chr22_42510944_G_C,chr22,42510944,G,C,1|0,.,THREE_PRIME_UTR,,,1.25887e-01,RRP7A
chr22_42510944_G_C,chr22,42510944,G,C,1|0,.,THREE_PRIME_UTR,,,1.25887e-01,RRP7A
chr22_42510952_C_T,chr22,42510952,C,T,1|0,.,THREE_PRIME_UTR,,,5.62712e-01,RRP7A
chr22_42510952_C_T,chr22,42510952,C,T,1|0,.,THREE_PRIME_UTR,,,5.62712e-01,RRP7A
chr22_42511176_A_C,chr22,42511176,A,C,1|0,.,THREE_PRIME_UTR,,,5.98831e-01,RRP7A
chr22_42511176_A_C,chr22,42511176,A,C,1|0,.,THREE_PRIME_UTR,,,5.98831e-01,RRP7A
chr22_42512737_G_A,chr22,42512737,G,A,1|0,.,THREE_PRIME_UTR,,,1.26241e-01,RRP7A
chr22_42512737_G_A,chr22,42512737,G,A,1|0,.,THREE_PRIME_UTR,,,1.26241e-01,RRP7A
chr22_42512864_T_G,chr22,42512864,T,G,1|0,.,THREE_PRIME_UTR,,1.31391e-01,1.27329e-01,RRP7A
chr22_42512864_T_G,chr22,42512864,T,G,1|0,.,THREE_PRIME_UTR,,1.31391e-01,1.27329e-01,RRP7A
chr22_42512891_T_C,chr22,42512891,T,C,1|0,.,THREE_PRIME_UTR,,1.52665e-01,1.27391e-01,RRP7A
chr22_42512891_T_C,chr22,42512891,T,C,1|0,.,THREE_PRIME_UTR,,1.52665e-01,1.27391e-01,RRP7A
chr22_42512970_G_A,chr22,42512970,G,A,0|1,.,SILENT,c.(781-783)gcC>gcT,3.31911e-02,2.54773e-02,RRP7A
chr22_42512970_G_A,chr22,42512970,G,A,0|1,.,SILENT,c.(781-783)gcC>gcT,3.31911e-02,2.54773e-02,RRP7A
chr22_42602896_G_T,chr22,42602896,G,T,1|0,.,MISSENSE,c.(322-324)gaC>gaA,1.23819e-02,1.37340e-02,POLDIP3
chr22_42602896_G_T,chr22,42602896,G,T,1|0,.,MISSENSE,c.(322-324)gaC>gaA,1.23819e-02,1.37340e-02,POLDIP3
chr22_42615397_T_C,chr22,42615397,T,C,0|1,.,FIVE_PRIME_FLANK,,,8.64845e-01,POLDIP3
chr22_42615397_T_C,chr22,42615397,T,C,0|1,.,FIVE_PRIME_FLANK,,,8.64845e-01,POLDIP3
chr22_42636736_C_T,chr22,42636736,C,T,1|1,.,SILENT,c.(130-132)gcG>gcA,1.13347e-01,1.28405e-01,CYB5R3
chr22_42636736_C_T,chr22,42636736,C,T,1|1,.,SILENT,c.(130-132)gcG>gcA,1.13347e-01,1.28405e-01,CYB5R3
chr22_42869821_G_T,chr22,42869821,G,T,1|0,.,THREE_PRIME_UTR,,,4.19577e-01,PACSIN2
chr22_42869821_G_T,chr22,42869821,G,T,1|0,.,THREE_PRIME_UTR,,,4.19577e-01,PACSIN2
chr22_42870768_C_T,chr22,42870768,C,T,1|0,.,THREE_PRIME_UTR,,,3.44189e-01,PACSIN2
chr22_42870768_C_T,chr22,42870768,C,T,1|0,.,THREE_PRIME_UTR,,,3.44189e-01,PACSIN2
chr22_42882214_C_T,chr22,42882214,C,T,1|1,.,SILENT,c.(874-876)gaG>gaA,4.10772e-01,4.19738e-01,PACSIN2
chr22_42882214_C_T,chr22,42882214,C,T,1|1,.,SILENT,c.(874-876)gaG>gaA,4.10772e-01,4.19738e-01,PACSIN2
chr22_43162920_A_G,chr22,43162920,A,G,0|1,.,MISSENSE,c.(439-441)Agg>Ggg,7.58453e-01,7.41374e-01,TSPO
chr22_43162920_A_G,chr22,43162920,A,G,0|1,.,MISSENSE,c.(439-441)Agg>Ggg,7.58453e-01,7.41374e-01,TSPO
chr22_43162966_G_A,chr22,43162966,G,A,0|1,.,NONSENSE,c.(484-486)tGg>tAg,2.32469e-01,1.92958e-01,TSPO
chr22_43162966_G_A,chr22,43162966,G,A,0|1,.,NONSENSE,c.(484-486)tGg>tAg,2.32469e-01,1.92958e-01,TSPO
chr22_43163131_G_T,chr22,43163131,G,T,0|1,.,THREE_PRIME_UTR,,,2.34754e-01,TSPO
chr22_43163131_G_T,chr22,43163131,G,T,0|1,.,THREE_PRIME_UTR,,,2.34754e-01,TSPO
chr22_43166699_G_A,chr22,43166699,G,A,0|1,.,THREE_PRIME_UTR,,,6.55031e-01,TTLL12
chr22_43166699_G_A,chr22,43166699,G,A,0|1,.,THREE_PRIME_UTR,,,6.55031e-01,TTLL12
chr22_43983958_A_G,chr22,43983958,A,G,1|1,.,MISSENSE,c.(1033-1035)Agt>Ggt,6.42768e-01,6.90147e-01,SAMM50
chr22_43983958_A_G,chr22,43983958,A,G,1|1,.,MISSENSE,c.(1033-1035)Agt>Ggt,6.42768e-01,6.90147e-01,SAMM50
chr22_43986804_T_C,chr22,43986804,T,C,1|1,.,INTRON,,,4.78398e-01,SAMM50
chr22_43986804_T_C,chr22,43986804,T,C,1|1,.,INTRON,,,4.78398e-01,SAMM50
chr22_43990401_C_T,chr22,43990401,C,T,0|1,.,SILENT,c.(1357-1359)aaC>aaT,2.16158e-01,2.04264e-01,SAMM50
chr22_43990401_C_T,chr22,43990401,C,T,0|1,.,SILENT,c.(1357-1359)aaC>aaT,2.16158e-01,2.04264e-01,SAMM50
chr22_43999571_T_C,chr22,43999571,T,C,1|1,.,MISSENSE,c.(109-111)Tgg>Cgg,4.40286e-01,4.76972e-01,PARVB
chr22_43999571_T_C,chr22,43999571,T,C,1|1,.,MISSENSE,c.(109-111)Tgg>Cgg,4.40286e-01,4.76972e-01,PARVB
chr22_44109898_G_C,chr22,44109898,G,C,1|1,.,INTRON,,,3.81737e-01,PARVB
chr22_44109898_G_C,chr22,44109898,G,C,1|1,.,INTRON,,,3.81737e-01,PARVB
chr22_44111630_T_A,chr22,44111630,T,A,1|0,.,INTRON,,,3.01100e-01,PARVB
chr22_44111630_T_A,chr22,44111630,T,A,1|0,.,INTRON,,,3.01100e-01,PARVB
chr22_44150702_A_G,chr22,44150702,A,G,0|1,.,INTRON,,,3.94501e-01,PARVB
chr22_44150702_A_G,chr22,44150702,A,G,0|1,.,INTRON,,,3.94501e-01,PARVB
chr22_44169095_A_C,chr22,44169095,A,C,1|0,.,THREE_PRIME_UTR,,,5.94717e-02,PARVB
chr22_44169095_A_C,chr22,44169095,A,C,1|0,.,THREE_PRIME_UTR,,,5.94717e-02,PARVB
chr22_44186619_T_C,chr22,44186619,T,C,1|1,.,INTRON,,9.06147e-01,8.91418e-01,PARVG
chr22_44186619_T_C,chr22,44186619,T,C,1|1,.,INTRON,,9.06147e-01,8.91418e-01,PARVG
chr22_44187366_A_C,chr22,44187366,A,C,1|1,.,INTRON,,,8.86962e-01,PARVG
chr22_44187366_A_C,chr22,44187366,A,C,1|1,.,INTRON,,,8.86962e-01,PARVG
chr22_44188278_T_C,chr22,44188278,T,C,1|1,.,INTRON,,,8.84151e-01,PARVG
chr22_44188278_T_C,chr22,44188278,T,C,1|1,.,INTRON,,,8.84151e-01,PARVG
chr22_44190642_C_T,chr22,44190642,C,T,0|1,.,SILENT,c.(478-480)ggC>ggT,2.59540e-01,2.49856e-01,PARVG
chr22_44190642_C_T,chr22,44190642,C,T,0|1,.,SILENT,c.(478-480)ggC>ggT,2.59540e-01,2.49856e-01,PARVG
chr22_44206349_A_C,chr22,44206349,A,C,1|1,.,MISSENSE,c.(919-921)Act>Cct,7.81792e-01,8.23046e-01,PARVG
chr22_44206349_A_C,chr22,44206349,A,C,1|1,.,MISSENSE,c.(919-921)Act>Cct,7.81792e-01,8.23046e-01,PARVG
chr22_44210962_A_G,chr22,44210962,A,G,1|1,.,RNA,,,7.77814e-01,AL031595.2
chr22_44210962_A_G,chr22,44210962,A,G,1|1,.,RNA,,,7.77814e-01,AL031595.2
chr22_44216937_G_A,chr22,44216937,G,A,1|1,.,RNA,,,3.41260e-01,AL031595.2
chr22_44216937_G_A,chr22,44216937,G,A,1|1,.,RNA,,,3.41260e-01,AL031595.2
chr22_45164027_C_T,chr22,45164027,C,T,1|1,.,FIVE_PRIME_UTR,,,6.66645e-01,NUP50
chr22_45164027_C_T,chr22,45164027,C,T,1|1,.,FIVE_PRIME_UTR,,,6.66645e-01,NUP50
chr22_45164116_T_C,chr22,45164116,T,C,1|1,.,FIVE_PRIME_UTR,,,6.93219e-01,NUP50
chr22_45164116_T_C,chr22,45164116,T,C,1|1,.,FIVE_PRIME_UTR,,,6.93219e-01,NUP50
chr22_45179105_T_G,chr22,45179105,T,G,1|1,.,INTRON,,,4.12255e-01,NUP50
chr22_45179105_T_G,chr22,45179105,T,G,1|1,.,INTRON,,,4.12255e-01,NUP50
chr22_45184955_G_C,chr22,45184955,G,C,1|1,.,THREE_PRIME_UTR,,,4.40364e-01,NUP50
chr22_45184955_G_C,chr22,45184955,G,C,1|1,.,THREE_PRIME_UTR,,,4.40364e-01,NUP50
chr22_45185018_G_C,chr22,45185018,G,C,1|1,.,THREE_PRIME_UTR,,,7.45163e-01,NUP50
chr22_45185018_G_C,chr22,45185018,G,C,1|1,.,THREE_PRIME_UTR,,,7.45163e-01,NUP50
chr22_45186979_G_C,chr22,45186979,G,C,1|1,.,THREE_PRIME_UTR,,,4.11746e-01,NUP50
chr22_45186979_G_C,chr22,45186979,G,C,1|1,.,THREE_PRIME_UTR,,,4.11746e-01,NUP50
chr22_45187725_G_T,chr22,45187725,G,T,1|1,.,THREE_PRIME_UTR,,,5.14753e-01,NUP50
chr22_45187725_G_T,chr22,45187725,G,T,1|1,.,THREE_PRIME_UTR,,,5.14753e-01,NUP50
chr22_45187859_G_C,chr22,45187859,G,C,1|1,.,THREE_PRIME_UTR,,,4.32616e-01,NUP50
chr22_45187859_G_C,chr22,45187859,G,C,1|1,.,THREE_PRIME_UTR,,,4.32616e-01,NUP50
chr22_45187922_A_G,chr22,45187922,A,G,1|1,.,THREE_PRIME_UTR,,,4.37117e-01,NUP50
chr22_45187922_A_G,chr22,45187922,A,G,1|1,.,THREE_PRIME_UTR,,,4.37117e-01,NUP50
chr22_45192367_A_G,chr22,45192367,A,G,1|1,.,THREE_PRIME_UTR,,,5.74657e-01,KIAA0930
chr22_45192367_A_G,chr22,45192367,A,G,1|1,.,THREE_PRIME_UTR,,,5.74657e-01,KIAA0930
chr22_45295713_A_G,chr22,45295713,A,G,1|0,.,SILENT,c.(493-495)ctA>ctG,4.53970e-01,4.95138e-01,UPK3A
chr22_45295713_A_G,chr22,45295713,A,G,1|0,.,SILENT,c.(493-495)ctA>ctG,4.53970e-01,4.95138e-01,UPK3A
chr22_45340604_C_T,chr22,45340604,C,T,0|1,.,THREE_PRIME_UTR,,,4.03299e-01,FAM118A
chr22_45340604_C_T,chr22,45340604,C,T,0|1,.,THREE_PRIME_UTR,,,4.03299e-01,FAM118A
chr22_45340886_A_G,chr22,45340886,A,G,1|1,.,THREE_PRIME_UTR,,,8.66227e-01,FAM118A
chr22_45340886_A_G,chr22,45340886,A,G,1|1,.,THREE_PRIME_UTR,,,8.66227e-01,FAM118A
chr22_45340990_T_C,chr22,45340990,T,C,0|1,.,THREE_PRIME_UTR,,,4.00455e-01,FAM118A
chr22_45340990_T_C,chr22,45340990,T,C,0|1,.,THREE_PRIME_UTR,,,4.00455e-01,FAM118A
chr22_45341906_A_G,chr22,45341906,A,G,1|0,.,THREE_PRIME_UTR,,,6.72641e-02,FAM118A
chr22_45341906_A_G,chr22,45341906,A,G,1|0,.,THREE_PRIME_UTR,,,6.72641e-02,FAM118A
chr22_45672687_G_C,chr22,45672687,G,C,1|0,.,INTRON,,,1.99757e-01,ATXN10
chr22_45672687_G_C,chr22,45672687,G,C,1|0,.,INTRON,,,1.99757e-01,ATXN10
chr22_45677724_C_T,chr22,45677724,C,T,1|1,.,INTRON,,,7.36904e-01,ATXN10
chr22_45677724_C_T,chr22,45677724,C,T,1|1,.,INTRON,,,7.36904e-01,ATXN10
chr22_46113522_A_G,chr22,46113522,A,G,1|1,.,LINCRNA,,9.99576e-01,9.99553e-01,MIRLET7BHG
chr22_46113522_A_G,chr22,46113522,A,G,1|1,.,LINCRNA,,9.99576e-01,9.99553e-01,MIRLET7BHG
chr22_46352413_T_C,chr22,46352413,T,C,1|0,.,INTRON,,,2.51150e-01,TRMU
chr22_46352413_T_C,chr22,46352413,T,C,1|0,.,INTRON,,,2.51150e-01,TRMU
chr22_46357282_G_A,chr22,46357282,G,A,1|0,.,THREE_PRIME_UTR,,,2.43527e-01,TRMU
chr22_46357282_G_A,chr22,46357282,G,A,1|0,.,THREE_PRIME_UTR,,,2.43527e-01,TRMU
chr22_46679565_C_T,chr22,46679565,C,T,1|1,.,THREE_PRIME_UTR,,,5.14860e-01,GRAMD4
chr22_46679565_C_T,chr22,46679565,C,T,1|1,.,THREE_PRIME_UTR,,,5.14860e-01,GRAMD4
chr22_46684568_T_C,chr22,46684568,T,C,1|1,.,THREE_PRIME_UTR,,,4.23232e-01,CERK
chr22_46684568_T_C,chr22,46684568,T,C,1|1,.,THREE_PRIME_UTR,,,4.23232e-01,CERK
chr22_46684904_G_C,chr22,46684904,G,C,1|1,.,THREE_PRIME_UTR,,,3.99764e-01,CERK
chr22_46684904_G_C,chr22,46684904,G,C,1|1,.,THREE_PRIME_UTR,,,3.99764e-01,CERK
chr22_46699338_C_A,chr22,46699338,C,A,0|1,.,SILENT,c.(916-918)ccG>ccT,2.55553e-02,2.36973e-02,CERK
chr22_46699338_C_A,chr22,46699338,C,A,0|1,.,SILENT,c.(916-918)ccG>ccT,2.55553e-02,2.36973e-02,CERK
chr22_46762282_G_A,chr22,46762282,G,A,1|0,.,FIVE_PRIME_FLANK,,,2.95585e-01,TBC1D22A
chr22_46762282_G_A,chr22,46762282,G,A,1|0,.,FIVE_PRIME_FLANK,,,2.95585e-01,TBC1D22A
chr22_46789368_G_T,chr22,46789368,G,T,0|1,.,INTRON,,5.45832e-01,5.79919e-01,TBC1D22A
chr22_46789368_G_T,chr22,46789368,G,T,0|1,.,INTRON,,5.45832e-01,5.79919e-01,TBC1D22A
chr22_46915508_A_T,chr22,46915508,A,T,1|1,.,INTRON,,7.67187e-01,7.69270e-01,TBC1D22A
chr22_46915508_A_T,chr22,46915508,A,T,1|1,.,INTRON,,7.67187e-01,7.69270e-01,TBC1D22A
chr22_47173928_G_C,chr22,47173928,G,C,1|1,.,THREE_PRIME_UTR,,,1.00000e+00,TBC1D22A
chr22_47173928_G_C,chr22,47173928,G,C,1|1,.,THREE_PRIME_UTR,,,1.00000e+00,TBC1D22A
chr22_47175442_C_T,chr22,47175442,C,T,1|0,.,THREE_PRIME_UTR,,,4.86881e-01,TBC1D22A
chr22_47175442_C_T,chr22,47175442,C,T,1|0,.,THREE_PRIME_UTR,,,4.86881e-01,TBC1D22A
chr22_49534424_A_G,chr22,49534424,A,G,1|1,.,LINCRNA,,,3.26098e-01,C22orf34
chr22_49534424_A_G,chr22,49534424,A,G,1|1,.,LINCRNA,,,3.26098e-01,C22orf34
chr22_49619925_A_G,chr22,49619925,A,G,1|0,.,LINCRNA,,,7.14359e-01,C22orf34
chr22_49619925_A_G,chr22,49619925,A,G,1|0,.,LINCRNA,,,7.14359e-01,C22orf34
chr22_49774004_T_C,chr22,49774004,T,C,0|1,.,THREE_PRIME_UTR,,,5.32446e-01,BRD1
chr22_49774004_T_C,chr22,49774004,T,C,0|1,.,THREE_PRIME_UTR,,,5.32446e-01,BRD1
chr22_49888269_A_G,chr22,49888269,A,G,1|0,.,THREE_PRIME_UTR,,,6.53096e-01,ZBED4
chr22_49888269_A_G,chr22,49888269,A,G,1|0,.,THREE_PRIME_UTR,,,6.53096e-01,ZBED4
chr22_49924858_C_T,chr22,49924858,C,T,1|1,.,INTRON,,,2.62756e-01,CRELD2
chr22_49924858_C_T,chr22,49924858,C,T,1|1,.,INTRON,,,2.62756e-01,CRELD2
chr22_49924861_C_G,chr22,49924861,C,G,1|1,.,INTRON,,,2.62733e-01,CRELD2
chr22_49924861_C_G,chr22,49924861,C,G,1|1,.,INTRON,,,2.62733e-01,CRELD2
chr22_49924862_A_G,chr22,49924862,A,G,1|1,.,INTRON,,,2.62539e-01,CRELD2
chr22_49924862_A_G,chr22,49924862,A,G,1|1,.,INTRON,,,2.62539e-01,CRELD2
chr22_49924866_T_C,chr22,49924866,T,C,1|1,.,INTRON,,,2.63261e-01,CRELD2
chr22_49924866_T_C,chr22,49924866,T,C,1|1,.,INTRON,,,2.63261e-01,CRELD2
chr22_49924870_T_C,chr22,49924870,T,C,1|1,.,INTRON,,,2.62236e-01,CRELD2
chr22_49924870_T_C,chr22,49924870,T,C,1|1,.,INTRON,,,2.62236e-01,CRELD2
chr22_49925522_A_G,chr22,49925522,A,G,0|1,.,MISSENSE,c.(973-975)cAt>cGt,9.27187e-02,8.29351e-02,CRELD2
chr22_49925522_A_G,chr22,49925522,A,G,0|1,.,MISSENSE,c.(973-975)cAt>cGt,9.27187e-02,8.29351e-02,CRELD2
chr22_49963045_T_C,chr22,49963045,T,C,1|1,.,MISSENSE,c.(898-900)cTg>cCg,7.30678e-01,7.55957e-01,PIM3
chr22_49963045_T_C,chr22,49963045,T,C,1|1,.,MISSENSE,c.(898-900)cTg>cCg,7.30678e-01,7.55957e-01,PIM3
chr22_49963768_C_T,chr22,49963768,C,T,0|1,.,THREE_PRIME_UTR,,,7.38805e-01,PIM3
chr22_49963768_C_T,chr22,49963768,C,T,0|1,.,THREE_PRIME_UTR,,,7.38805e-01,PIM3
chr22_49963977_G_A,chr22,49963977,G,A,1|0,.,THREE_PRIME_UTR,,,8.30998e-03,PIM3
chr22_49963977_G_A,chr22,49963977,G,A,1|0,.,THREE_PRIME_UTR,,,8.30998e-03,PIM3
chr22_50196903_C_T,chr22,50196903,C,T,1|1,.,INTRON,,,3.95100e-01,TRABD
chr22_50196903_C_T,chr22,50196903,C,T,1|1,.,INTRON,,,3.95100e-01,TRABD
chr22_50198764_A_G,chr22,50198764,A,G,1|1,.,INTRON,,,8.61328e-01,TRABD
chr22_50198764_A_G,chr22,50198764,A,G,1|1,.,INTRON,,,8.61328e-01,TRABD
chr22_50199168_G_C,chr22,50199168,G,C,1|0,.,THREE_PRIME_UTR,,5.44316e-01,5.32711e-01,TRABD
chr22_50199168_G_C,chr22,50199168,G,C,1|0,.,THREE_PRIME_UTR,,5.44316e-01,5.32711e-01,TRABD
chr22_50199196_A_C,chr22,50199196,A,C,0|1,.,THREE_PRIME_UTR,,,3.74889e-02,TRABD
chr22_50199196_A_C,chr22,50199196,A,C,0|1,.,THREE_PRIME_UTR,,,3.74889e-02,TRABD
chr22_50199493_G_C,chr22,50199493,G,C,1|0,.,THREE_PRIME_UTR,,,9.74382e-02,TRABD
chr22_50199493_G_C,chr22,50199493,G,C,1|0,.,THREE_PRIME_UTR,,,9.74382e-02,TRABD
chr22_50201044_T_C,chr22,50201044,T,C,1|1,.,MISSENSE,c.(7-9)gTc>gCc,3.98849e-01,6.30857e-01,SELENOO
chr22_50201044_T_C,chr22,50201044,T,C,1|1,.,MISSENSE,c.(7-9)gTc>gCc,3.98849e-01,6.30857e-01,SELENOO
chr22_50201099_T_C,chr22,50201099,T,C,1|1,.,SILENT,c.(61-63)ggT>ggC,4.76721e-01,6.31819e-01,SELENOO
chr22_50201099_T_C,chr22,50201099,T,C,1|1,.,SILENT,c.(61-63)ggT>ggC,4.76721e-01,6.31819e-01,SELENOO
chr22_50201536_C_A,chr22,50201536,C,A,1|1,.,MISSENSE,c.(499-501)gCt>gAt,5.63146e-01,6.03857e-01,SELENOO
chr22_50201536_C_A,chr22,50201536,C,A,1|1,.,MISSENSE,c.(499-501)gCt>gAt,5.63146e-01,6.03857e-01,SELENOO
chr22_50223440_T_C,chr22,50223440,T,C,1|1,.,INTRON,,,8.04626e-01,TUBGCP6
chr22_50223440_T_C,chr22,50223440,T,C,1|1,.,INTRON,,,8.04626e-01,TUBGCP6
chr22_50223608_G_A,chr22,50223608,G,A,0|1,.,INTRON,,,4.05612e-01,TUBGCP6
chr22_50223608_G_A,chr22,50223608,G,A,0|1,.,INTRON,,,4.05612e-01,TUBGCP6
chr22_50245867_T_C,chr22,50245867,T,C,1|1,.,INTRON,,7.84194e-01,8.01687e-01,HDAC10
chr22_50245867_T_C,chr22,50245867,T,C,1|1,.,INTRON,,7.84194e-01,8.01687e-01,HDAC10
chr22_50249919_A_G,chr22,50249919,A,G,1|1,.,SILENT,c.(433-435)gtT>gtC,7.82455e-01,7.89529e-01,HDAC10
chr22_50249919_A_G,chr22,50249919,A,G,1|1,.,SILENT,c.(433-435)gtT>gtC,7.82455e-01,7.89529e-01,HDAC10
chr22_50274980_A_G,chr22,50274980,A,G,0|1,.,THREE_PRIME_UTR,,,4.23027e-01,PLXNB2
chr22_50274980_A_G,chr22,50274980,A,G,0|1,.,THREE_PRIME_UTR,,,4.23027e-01,PLXNB2
chr22_50275437_G_C,chr22,50275437,G,C,1|1,.,THREE_PRIME_UTR,,9.86643e-01,9.86486e-01,PLXNB2
chr22_50275437_G_C,chr22,50275437,G,C,1|1,.,THREE_PRIME_UTR,,9.86643e-01,9.86486e-01,PLXNB2
chr22_50343347_G_C,chr22,50343347,G,C,1|1,.,FIVE_PRIME_UTR,,,4.76122e-01,PPP6R2
chr22_50343347_G_C,chr22,50343347,G,C,1|1,.,FIVE_PRIME_UTR,,,4.76122e-01,PPP6R2
chr22_50523425_T_C,chr22,50523425,T,C,1|0,.,THREE_PRIME_UTR,,6.43352e-01,6.30785e-01,NCAPH2
chr22_50523425_T_C,chr22,50523425,T,C,1|0,.,THREE_PRIME_UTR,,6.43352e-01,6.30785e-01,NCAPH2
chr22_50523779_T_G,chr22,50523779,T,G,1|0,.,MISSENSE,c.(631-633)aaA>aaC,6.40150e-01,6.34212e-01,SCO2
chr22_50523779_T_G,chr22,50523779,T,G,1|0,.,MISSENSE,c.(631-633)aaA>aaC,6.40150e-01,6.34212e-01,SCO2
chr22_50526433_G_A,chr22,50526433,G,A,1|0,.,SILENT,c.(970-972)gcC>gcT,6.10727e-01,5.20304e-01,TYMP
chr22_50526433_G_A,chr22,50526433,G,A,1|0,.,SILENT,c.(970-972)gcC>gcT,6.10727e-01,5.20304e-01,TYMP
chr22_50528205_G_T,chr22,50528205,G,T,1|0,.,INTRON,,,5.45173e-01,TYMP
chr22_50528205_G_T,chr22,50528205,G,T,1|0,.,INTRON,,,5.45173e-01,TYMP
chr22_50528840_A_G,chr22,50528840,A,G,1|1,.,INTRON,,,9.69214e-01,TYMP
chr22_50528840_A_G,chr22,50528840,A,G,1|1,.,INTRON,,,9.69214e-01,TYMP
chr22_50543007_G_A,chr22,50543007,G,A,1|1,.,LINCRNA,,,7.86488e-01,U62317.5
chr22_50543007_G_A,chr22,50543007,G,A,1|1,.,LINCRNA,,,7.86488e-01,U62317.5
chr22_50547274_A_G,chr22,50547274,A,G,1|1,.,FIVE_PRIME_FLANK,,,8.15822e-01,KLHDC7B
chr22_50547274_A_G,chr22,50547274,A,G,1|1,.,FIVE_PRIME_FLANK,,,8.15822e-01,KLHDC7B
chr22_50550897_A_G,chr22,50550897,A,G,1|1,.,THREE_PRIME_UTR,,,5.11119e-01,KLHDC7B
chr22_50550897_A_G,chr22,50550897,A,G,1|1,.,THREE_PRIME_UTR,,,5.11119e-01,KLHDC7B
chr22_50582239_C_A,chr22,50582239,C,A,1|1,.,INTRON,,6.56956e-01,6.07317e-01,CHKB
chr22_50582239_C_A,chr22,50582239,C,A,1|1,.,INTRON,,6.56956e-01,6.07317e-01,CHKB
chr22_50583150_A_C,chr22,50583150,A,C,1|1,.,FIVE_PRIME_FLANK,,,8.47826e-01,CPT1B
chr22_50583150_A_C,chr22,50583150,A,C,1|1,.,FIVE_PRIME_FLANK,,,8.47826e-01,CPT1B
chr22_50583170_C_T,chr22,50583170,C,T,1|1,.,FIVE_PRIME_FLANK,,,4.52987e-01,CPT1B
chr22_50583170_C_T,chr22,50583170,C,T,1|1,.,FIVE_PRIME_FLANK,,,4.52987e-01,CPT1B
chr22_50583688_C_A,chr22,50583688,C,A,1|1,.,FIVE_PRIME_FLANK,,,7.21721e-01,CHKB
chr22_50583688_C_A,chr22,50583688,C,A,1|1,.,FIVE_PRIME_FLANK,,,7.21721e-01,CHKB
chr22_50584090_C_T,chr22,50584090,C,T,1|1,.,FIVE_PRIME_FLANK,,,3.77135e-01,CHKB
chr22_50584090_C_T,chr22,50584090,C,T,1|1,.,FIVE_PRIME_FLANK,,,3.77135e-01,CHKB
chr22_50584433_A_G,chr22,50584433,A,G,1|1,.,FIVE_PRIME_FLANK,,,7.22687e-01,CHKB
chr22_50584433_A_G,chr22,50584433,A,G,1|1,.,FIVE_PRIME_FLANK,,,7.22687e-01,CHKB
